<?xml version="1.0"?>
<doc>
    <assembly>
        "FbxSdkWrapper"
    </assembly>
    <members>
        <member name="T:FbxWrapper.Scene">
            <summary>
Represents an FBX scene.
</summary>
        </member>
        <member name="P:FbxWrapper.Node.Mesh">
            <summary>
Gets the first mesh attribute of this node if it exists, otherwise null.
</summary>
        </member>
        <member name="P:FbxWrapper.Node.Scale">
            <summary>
Gets and sets the scale of this node.
</summary>
        </member>
        <member name="P:FbxWrapper.Node.Rotation">
            <summary>
Gets and sets the rotation of this node.
</summary>
        </member>
        <member name="P:FbxWrapper.Node.Position">
            <summary>
Gets and sets the position of this node.
</summary>
        </member>
        <member name="P:FbxWrapper.Node.Attribute">
            <summary>
For root node this member is NULL
</summary>
        </member>
        <member name="T:FbxWrapper.Node">
            <summary>
Basic scene's node hierarchy
</summary>
        </member>
        <member name="P:FbxWrapper.Polygon.Indices">
            <summary>
Gets the array of indices which make up this polygon.
</summary>
        </member>
        <member name="T:FbxWrapper.Polygon">
            <summary>
Represents a polygon.
</summary>
        </member>
    </members>
</doc>